<?xml version="1.0" encoding="UTF-8" ?>
<!DOCTYPE mapper PUBLIC "-//mybatis.org//DTD Mapper 3.0//EN"
	"http:/mybatis.org/dtd/mybatis-3-mapper.dtd">
<mapper namespace="com.talk.user.mapper.FollowMapper">
	
	 
	<select id="selectIdsByFollowed" resultType="String">
		
		SELECT followed FROM follow
			WHERE follower = #{user_id}
	</select>
	 
	<select id="selectIdsByFollower" resultType="String">
		
		SELECT follower FROM follow
			WHERE followed = #{user_id}
	</select>
	 
	<select id="countFollower" resultType="int">
		
		SELECT count(*) FROM follow
			WHERE follower = #{user_id}
	</select>
	 
	<select id="countFollowed" resultType="int">
		
		SELECT count(*) FROM follow
			WHERE followed = #{user_id}
	</select>
	 
	<select id="selectAll" resultType="com.talk.user.domain.FollowVO">
		SELECT * FROM follow
	</select>
	
	<delete id="delete">
		delete from follow 
			WHERE followed = #{followed}
			WHERE follower = #{follower}
	</delete>
	
	<insert id="insert">
		insert into follow values (
		#{follower},#{followed},#{favorite})
	</insert >
	
	<update id="update">
		
		UPDATE follow 
			SET 
		favorite = #{favorite}
			WHERE (
				follower = #{follower}, 
				followed = #{followed}
			)
	</update>
	
</mapper>