<?xml version="1.0" encoding="UTF-8"?>
<beans xmlns="http://www.springframework.org/schema/beans"
	xmlns:xsi="http://www.w3.org/2001/XMLSchema-instance"
	xmlns:mybatis-spring="http://mybatis.org/schema/mybatis-spring"
	xmlns:context="http://www.springframework.org/schema/context"
	xmlns:aop="http://www.springframework.org/schema/aop"
	xmlns:tx="http://www.springframework.org/schema/tx"
	xsi:schemaLocation="http://mybatis.org/schema/mybatis-spring http://mybatis.org/schema/mybatis-spring-1.2.xsd
		http://www.springframework.org/schema/beans https://www.springframework.org/schema/beans/spring-beans.xsd
		http://www.springframework.org/schema/context http://www.springframework.org/schema/context/spring-context-4.3.xsd
		http://www.springframework.org/schema/aop http://www.springframework.org/schema/aop/spring-aop-4.3.xsd
		http://www.springframework.org/schema/tx http://www.springframework.org/schema/tx/spring-tx-4.3.xsd">
	
	<!-- context 네임스페이스 태그를 이용해 평문을 그대로 적지 않고
	파일명만 명시해서 어떤 자료인지 다른 사용자가 모르게 처리 
	src/main/resources 내부에 작성한 properties 내부에 기술된 사항을
	명칭으로만 가져올 수 있도록 처리-->
	<context:property-placeholder location="classpath:db.properties"/>
	
 	
	<context:annotation-config></context:annotation-config>

	<context:component-scan base-package="com.ict.service"></context:component-scan>
	<context:component-scan base-package="com.ict.aop"></context:component-scan>
		
	<aop:aspectj-autoproxy></aop:aspectj-autoproxy> 
	
	
	<!-- Root Context: defines shared resources visible to all other web components -->
	<bean id="hikariConfig" class="com.zaxxer.hikari.HikariConfig">
		<property name="driverClassName" 
				  value="${db.driverClassName}"></property>
		<property name="jdbcUrl"
				  value="${db.jdbcUrl}"></property>
		<property name="username" value="${db.username}"></property>
		<property name="password" value="${db.password}"></property>
	</bean>

	<bean id="dataSource"
		  class="com.zaxxer.hikari.HikariDataSource" destroy-method="close">
		  <constructor-arg ref="hikariConfig"></constructor-arg>
	</bean>
	
	<bean id="sqlSessionFactory" class="org.mybatis.spring.SqlSessionFactoryBean">
		<property name="dataSource" ref="dataSource"></property>
	</bean>	
	
	<mybatis-spring:scan base-package="com.talk.user.mapper"/>
	<mybatis-spring:scan base-package="com.talk.post.mapper"/>
	<mybatis-spring:scan base-package="com.talk.reply.mapper"/>
	<mybatis-spring:scan base-package="com.talk.report.mapper"/>
	
	<context:component-scan base-package="com.talk.user.service" />	
	<context:component-scan base-package="com.talk.post.service" />	
	<context:component-scan base-package="com.talk.reply.service" />	
	<context:component-scan base-package="com.talk.report.service" />	


 	
	
	<bean id="transactionManager"
		class ="org.springframework.jdbc.datasource.DataSourceTransactionManager">
		<property name="dataSource" ref="dataSource"></property>
	</bean>
	

	<tx:annotation-driven/>
	
	
	
	
		
</beans>
